{"cameraMode":{"drawMode":0,"name":"Shaded","section":"Shading Mode"},"sceneLighting":true,"audioPlay":false,"sceneViewState":{"showFog":true,"showMaterialUpdate":true,"showSkybox":true,"showFlares":true,"showImageEffects":true,"showParticleSystems":true},"in2DMode":false,"pivot":{"x":13.697402000427246,"y":5.170434474945068,"z":-11.620698928833008},"rotation":{"x":0.07183593511581421,"y":0.9119552969932556,"z":-0.18154160678386689,"w":0.3608599007129669},"size":5.646078109741211,"orthographic":false}